{"cameraMode":{"drawMode":0,"name":"Shaded","section":"Shading Mode"},"sceneLighting":true,"audioPlay":false,"sceneViewState":{"showFog":true,"showMaterialUpdate":false,"showSkybox":true,"showFlares":true,"showImageEffects":true,"showParticleSystems":true},"in2DMode":false,"pivot":{"x":289.4513854980469,"y":9.670086860656739,"z":253.6763153076172},"rotation":{"x":-0.029383623972535135,"y":-0.6358548402786255,"z":0.024236366152763368,"w":-0.7708682417869568},"size":70.920654296875,"orthographic":false}