{"cameraMode":{"drawMode":0,"name":"Shaded","section":"Shading Mode"},"sceneLighting":true,"audioPlay":false,"sceneViewState":{"showFog":true,"showMaterialUpdate":false,"showSkybox":true,"showFlares":true,"showImageEffects":true,"showParticleSystems":true},"in2DMode":false,"pivot":{"x":234.34036254882813,"y":11.311729431152344,"z":252.09707641601563},"rotation":{"x":-0.1266457736492157,"y":-0.65537428855896,"z":0.11276844143867493,"w":-0.7360222935676575},"size":62.05377197265625,"orthographic":false}