{"cameraMode":{"drawMode":0,"name":"Shaded","section":"Shading Mode"},"sceneLighting":true,"audioPlay":false,"sceneViewState":{"showFog":true,"showMaterialUpdate":false,"showSkybox":true,"showFlares":true,"showImageEffects":true,"showParticleSystems":true},"in2DMode":false,"pivot":{"x":2.537195920944214,"y":2.863325357437134,"z":-12.561179161071778},"rotation":{"x":-0.08912787586450577,"y":0.058831628412008288,"z":-0.005273771937936544,"w":-0.9942672848701477},"size":7.440753936767578,"orthographic":false}